Unique ID,Exempt Code,Address,Owner Or Facility,,Volume And Page,Acreage,Land Assessment,Building Assessment,Total Assessment,OPMAssessment
219 0459 00102,PABX,00000 AUTUMN ST,BERKELEY DIVINITY SCHOOL THE,,2992/7,0.18,193060,0,193060,193060
219 0459 00103,PABX,00000 AUTUMN ST,BERKELEY DIVINITY SCHOOL INC,,2992/7,0.18,193060,0,193060,193060
260 0307 01900,PABX,00000 BROADWAY,YALE UNIVERSITY,,8403/19,0.28,305200,0,305200,305200
248 0395 00200,PABX,00000 CANNER ST,YALE UNIVERSITY,,0/0,0.77,225960,10850,236810,236810
264 0103 00900,PABX,00000 CEDAR ST,YALE UNIVERSITY,,8068/305,0.66,1731520,24518690,26250210,26250210
277 0114 01502,PABX,00000 CEDAR ST,BETA 14 LLC,,8404/346,0.01,4620,0,4620,4620
376 1079 00110,PABX,00000 CHAPEL ST,YALE UNIVERSITY,,0/0,3.74,170310,0,170310,170310
243 0311 00400,PABX,00000 CHURCH ST,YALE UNIVERSITY,,2820/31,0.23,586740,12950,599690,599690
264 0103 01200,PABX,00000 CHURCH ST SOUTH,YALE UNIVERSITY,,8312/302,0.39,73850,0,73850,73850
264 0103 00300,PABX,00000 COLUMBUS AV,YALE UNIVERSITY,,8312/302,0.4,36960,0,36960,36960
264 0103 00400,PABX,00000 COLUMBUS AV,YALE UNIVERSITY,,8312/302,0.83,39900,0,39900,39900
260 0288 00105,PABX,00000 HIGH ST,YALE UNIVERSITY,,0/0,0.19,572250,0,572250,572250
260 0288 00200,PABX,00000 HIGH ST,YALE UNIVERSITY,,9043/313,1.54,2294320,0,2294320,2294320
244 0332 00301,PABX,00000 HILLHOUSE AV,YALE UNIVERSITY,,0/0,0.53,1045870,0,1045870,1045870
244 0332 00602,PABX,00000 HILLHOUSE AV,YALE UNIVERSITY,,9091/251,0.16,190540,0,190540,190540
244 0333 00401,PABX,00000 HILLHOUSE AV,YALE UNIVERSITY,,0/0,0.3,597310,0,597310,597310
244 0333 00501,PABX,00000 HILLHOUSE AV,YALE UNIVERSITY,,0/0,0.29,569870,17220,587090,587090
246 0362 04001,PABX,00000 MANSFIELD ST,YALE UNIVERSITY,,0/0,0.03,3430,0,3430,3430
246 0362 03500,PABX,00000 PROSPECT ST,YALE UNIVERSITY,,4249/91,1.14,477540,1470,479010,479010
245 0363 00200,PABX,00000 PROSPECT ST,YALE UNIVERSITY,,0/0,0.38,842240,0,842240,842240
377 1079 00103,PABX,00000 YALE AV,YALE UNIVERSITY,,0/0,15.72,2260300,324100,2584400,2584400
280 0250 02200,PABX,00000 YORK ST,YALE UNIVERSITY,,0/0,0.04,11270,2030,13300,13300
280 0250 00601,PABX,00000 YORK ST,YALE UNIVERSITY,,0/0,0.5,350560,0,350560,350560
280 0250 00602,PABX,00000 YORK ST,YALE UNIVERSITY,,0/0,0.11,31710,0,31710,31710
260 0307 00101,PABX,00000 YORK ST,YALE UNIVERSITY,,0/0,0.02,9380,0,9380,9380
260 0287 00100,PABX,00000 YORK ST,YALE UNIVERSITY,,0/0,1.29,1013390,0,1013390,1013390
239 0119 00100,PABX,00002 CHURCH ST SOUTH,WE 2 CHURCH STREET SOUTH LLC,,6602/74,2.96,657580,4214533,4872113,4872113
244 0332 00601,PABX,00002 HILLHOUSE AV,YALE UNIVERSITY,,9091/251,0.36,209440,1586060,1795500,1795500
223 0334 00450,PABX,00002 WHITNEY AV 1A,YALE UNIVERSITY,,0/0,0,0,265440,265440,265440
223 0334 00461,PABX,00002 WHITNEY AV 2,YALE UNIVERSITY,,0/0,0,0,1399860,1399860,1399860
223 0334 00463,PABX,00002 WHITNEY AV 3,YALE UNIVERSITY,,0/0,0,0,1572620,1572620,1572620
223 0334 00464,PABX,00002 WHITNEY AV 4,YALE UNIVERSITY,,0/0,0,70,1213940,1214010,1214010
223 0334 00465,PABX,00002 WHITNEY AV 4,YALE UNIVERSITY,,0/0,0,0,454790,454790,454790
223 0334 00467,PABX,00002 WHITNEY AV 5,YALE UNIVERSITY,,0/0,0,70,1424360,1424430,1424430
223 0334 00469,PABX,00002 WHITNEY AV 6,YALE UNIVERSITY,,0/0,0,70,1421490,1421560,1421560
223 0334 00471,PABX,00002 WHITNEY AV 7,YALE UNIVERSTIY,,0/0,0,70,1162140,1162210,1162210
223 0334 00473,PABX,00002 WHITNEY AV 8,YALE UNIVERSITY,,0/0,0,70,1171240,1171310,1171310
223 0334 00474,PABX,00002 WHITNEY AV G,YALE UNIVERSITY,,0/0,0,70,739620,739690,739690
223 0334 00475,PABX,00002 WHITNEY AV G,YALE UNIVERSITY,,0/0,0,0,1206380,1206380,1206380
244 0333 00300,PABX,00009 HILLHOUSE AV,YALE UNIVERSITY,,9091/251,0.44,857290,4945010,5802300,5802300
260 0307 00100,PABX,00009 TOWER PKWY,YALE UNIVERSITY,,0/0,5.28,4147780,105893690,110041470,110041470
264 0103 00800,PABX,00010 AMISTAD ST,YALE UNIVERSITY,,8068/305,0.88,2320710,8433810,10754520,10754520
244 0332 00500,PABX,00010 HILLHOUSE AV,YALE UNIVERSITY,,9091/251,0.75,1087030,11583950,12670980,12670980
281 0329 02000,PABX,00010 LAKE PL,YALE UNIVERSITY,,9424/179,0.04,14490,2240,16730,16730
244 0332 00400,PABX,00012 HILLHOUSE AV,YALE UNIVERSITY,,9091/251,0.41,247380,1389080,1636460,1636460
244 0333 00400,PABX,00015 HILLHOUSE AV,YALE UNIVERSITY,,0/0,0.15,125790,616840,742630,742630
244 0333 00500,PABX,00017 HILLHOUSE AV,YALE UNIVERSITY,,5150/5,0.72,1416520,24909710,26326230,26326230
244 0332 00200,PABX,00021 PROSPECT ST,YALE UNIVERSITY,,9091/251,1.45,3256050,54656350,57912400,57912400
245 0363 01300,PABX,00021 SACHEM ST,YALE UNIVERSITY,,0/0,4.29,4248720,0,4248720,4248720
261 0231 02000,PABX,00024 HIGH ST,YALE UNIVERSITY,,0/0,0.09,252770,5600,258370,258370
244 0332 00300,PABX,00024 HILLHOUSE AV,YALE UNIVERSITY,,0/0,0.6,146440,946610,1093050,1093050
261 0231 01900,PABX,00026 HIGH ST,YALE UNIVERSITY,,0/0,0.08,190260,295540,485800,485800
244 0365 00100,PABX,00027 HILLHOUSE AV,YALE UNIVERSITY,,0/0,0.33,138110,717430,855540,855540
244 0364 00800,PABX,00028 HILLHOUSE AV,YALE UNIVERSITY,,0/0,0.34,208390,1385090,1593480,1593480
260 0307 01201,PABX,00029 BROADWAY,YALE UNIVERSITY,,0/0,0.62,368060,1283030,1651090,1651090
244 0364 00700,PABX,00030 HILLHOUSE AV,YALE UNIVERSITY,,0/0,0.56,218330,2081240,2299570,2299570
244 0365 00200,PABX,00031 HILLHOUSE AV,YALE UNIVERSITY,,5646/115,1.01,158900,852180,1011080,1011080
280 0249 02702,PABX,00032 EDGEWOOD AV,YALE UNIVERSITY,,0/0,1.69,1439830,28323960,29763790,29763790
244 0364 00600,PABX,00034 HILLHOUSE AV,YALE UNIVERSITY,,0/0,0.77,376460,5558980,5935440,5935440
263 0137 00100,PABX,00035 COLLEGE ST,YALE UNIVERSITY,,4928/226,1.94,1143030,3195500,4338530,4338530
244 0365 00400,PABX,00037 HILLHOUSE AV,YALE UNIVERSITY,,0/0,0.35,139090,663250,802340,802340
244 0364 00500,PABX,00038 HILLHOUSE AV,YALE UNIVERSITY,,0/0,0.78,188650,25117260,25305910,25305910
264 0120 00900,PABX,00039 PRINCE ST,YALE UNIVERSITY,,8314/77,0.24,34860,0,34860,34860
377 1080 00500,PABX,00040 CENTRAL AV,YALE UNIVERSITY,,0/0,6,799470,1734460,2533930,2533930
296 0328 01900,PABX,00040 DIXWELL AV,YALE UNIVERSITY,,8314/220,0.33,208250,0,208250,208250
277 0123 01700,PABX,00040 GILBERT ST,YALE UNIVERSITY,,4456/296,0.1,92540,6720,99260,99260
244 0365 00500,PABX,00043 HILLHOUSE AV,YALE UNIVERSITY,,0/0,0.38,210490,2827440,3037930,3037930
244 0364 00400,PABX,00046 HILLHOUSE AV,YALE UNIVERSITY,,3032/146,1.82,349440,1255870,1605310,1605310
244 0365 00600,PABX,00047 HILLHOUSE AV,YALE UNIVERSITY,,0/0,0.37,209720,0,209720,209720
296 0328 02200,PABX,00049 GOFFE ST,YALE UNIVERSITY,,8608/74,0.32,65590,0,65590,65590
281 0329 00300,PABX,00050 ASHMUN ST,YALE UNIVERSITY,,0/0,0.65,777140,75810,852950,852950
256 0393 00300,PABX,00050 DIVISION ST,YALE UNIVERSITY,,9764/201,2.9,533960,2931390,3465350,3465350
259 0330 00100,PABX,00050 TOWER PKWY,YALE UNIVERSITY,,0/0,2,1571150,15928570,17499720,17499720
244 0365 00700,PABX,00051 HILLHOUSE AV,YALE UNIVERSITY,,0/0,0.39,140560,2255960,2396520,2396520
244 0365 00800,PABX,00055 HILLHOUSE AV,YALE UNIVERSITY,,0/0,0.63,220500,1819160,2039660,2039660
223 0382 00170,PABX,00055 WHITNEY AV 3,YALE UNIVERSITY,,6170/170,0,0,1106280,1106280,1106280
223 0382 00171,PABX,00055 WHITNEY AV 4,YALE UNIVERSITY,,6170/170,0,0,2138080,2138080,2138080
223 0382 00172,PABX,00055 WHITNEY AV 5,YALE UNIVERSITY,,6170/170,0,0,2429210,2429210,2429210
223 0382 00173,PABX,00055 WHITNEY AV 6,YALE UNIVERSITY,,6170/170,0,0,2431870,2431870,2431870
223 0382 00174,PABX,00055 WHITNEY AV 7,YALE UNIVERSITY,,6171/170,0,0,1572620,1572620,1572620
223 0334 01603,PABX,00058 WHITNEY AV,YALE UNIVERSITY,,3408/20,0.11,194390,415660,610050,610050
281 0329 00203,PABX,00060 ASHMUN ST,YALE UNIVERSITY,,0/0,0.09,108080,5320,113400,113400
261 0252 00200,PABX,00061 HIGH ST,YALE UNIVERSITY,,5150/1,2.93,2301740,20275780,22577520,22577520
281 0329 00202,PABX,00064 ASHMUN ST,YALE UNIVERSITY,,0/0,0.09,108080,5460,113540,113540
377 1079 00200,PABX,00067 CENTRAL AV,YALE UNIVERSITY,,0/0,4.02,722540,4758530,5481070,5481070
281 0329 00201,PABX,00068 ASHMUN ST,YALE UNIVERSITY,,0/0,0.11,132090,6720,138810,138810
258 0359 01000,PABX,00068 MANSFIELD ST,YALE UNIVERSITY,,0/0,0.32,81200,256760,337960,337960
223 0334 01602,PABX,00068 WHITNEY AV,YALE UNIVERSITY,,3408/20,0.04,106890,106260,213150,213150
296 0328 02400,PABX,00069 GOFFE ST,YALE UNIVERSITY,,6134/167,0.57,76020,162470,238490,238490
258 1294 00100,PABX,00070 SACHEM ST,YALE UNIVERSITY,,9172/313,6.51,3451210,398439300,401890510,401890510
281 0329 00600,PABX,00070 YORK SQUARE PL,YALE UNIVERSITY,,0/0,6.37,7649110,53202170,60851280,60851280
281 0329 00200,PABX,00074 ASHMUN ST,YALE UNIVERSITY,,0/0,0.13,156100,17150,173250,173250
243 0289 00702,PABX,00074 WALL ST,YALE UNIVERSITY,,0/0,0.05,232610,0,232610,232610
243 0289 00701,PABX,00076 WALL ST,YALE UNIVERSITY,,0/0,0.04,196840,0,196840,196840
281 0329 00100,PABX,00078 ASHMUN ST,YALE UNIVERSITY,,9424/179,0.05,21140,104440,125580,125580
243 0289 00700,PABX,00078 WALL ST,YALE UNIVERSITY,,0/0,0.04,196840,0,196840,196840
243 0289 00600,PABX,00080 WALL ST,YALE UNIVERSITY,,0/0,0.14,543060,1522850,2065910,2065910
243 0289 00401,PABX,00082 WALL ST,YALE UNIVERSITY,,2368/748,0.15,215040,801570,1016610,1016610
244 0365 01500,PABX,00085 TRUMBULL ST,YALE UNIVERSITY,,0/0,0.19,194460,0,194460,194460
243 0289 00301,PABX,00086 WALL ST,YALE UNIVERSITY,,2446/205,0.07,158760,237510,396270,396270
296 0328 02800,PABX,00087 GOFFE ST,YALE UNIVERSITY,,7353/100,0.27,63490,178710,242200,242200
244 0364 00900,PABX,00087 TRUMBULL ST,YALE UNIVERSITY,,0/0,0.11,122570,427210,549780,549780
244 0333 00600,PABX,00088 TRUMBULL ST,YALE UNIVERSITY,,0/0,0.17,191310,11410,202720,202720
296 0328 02900,PABX,00089 GOFFE ST,YALE UNIVERSITY,,8704/11,0.23,61460,26810,88270,88270
244 0364 01000,PABX,00089 TRUMBULL ST,YALE UNIVERSITY,,0/0,0.07,132160,2645090,2777250,2777250
243 0289 00201,PABX,00090 WALL ST,YALE UNIVERSITY,,2368/748,0.04,112420,122710,235130,235130
244 0364 00100,PABX,00091 TRUMBULL ST,YALE UNIVERSITY,,0/0,0.2,156660,2575510,2732170,2732170
281 0350 00300,PABX,00096 ASHMUN ST,YALE UNIVERSITY,,9156/26,0.09,20860,0,20860,20860
281 0350 00200,PABX,00100 ASHMUN ST,YALE UNIVERSITY,,9156/26,0.09,41930,175840,217770,217770
264 0103 00100,PABX,00100 CHURCH ST SOUTH,YALE UNIVERSITY,,8312/302,4.64,2089360,6688640,8778000,8778000
258 0353 01200,PABX,00101 ASHMUN ST,YALE UNIVERSITY,,8709/7,1.1,710360,144786250,145496610,145496610
264 0121 00403,PABX,00104 WASHINGTON AV,AMISTAD PARTNERS LLC,,6655/94,2.09,51310,0,51310,51310
260 0309 00400,PABX,00109 WALL ST,YALE UNIVERSITY,,0/0,0.66,759570,1883140,2642710,2642710
260 0288 00101,PABX,00110 WALL ST,YALE UNIVERSITY,,0/0,1.34,1052660,0,1052660,1052660
223 0334 00100,PABX,00111 GROVE ST,YALE UNIVERSITY,,0/0,0.47,862120,3141320,4003440,4003440
260 0288 00104,PABX,00115 HIGH ST,YALE UNIVERSITY,,5150/5,0.49,2352350,26753720,29106070,29106070
260 0287 00101,PABX,00120 HIGH ST,YALE UNIVERSITY,,0/0,1.29,1013390,97970320,98983710,98983710
260 0288 00100,PABX,00121 HIGH ST,YALE UNIVERSITY,,0/0,0.43,672980,15571080,16244060,16244060
260 0309 00500,PABX,00121 WALL ST,YALE UNIVERSITY,,0/0,0.77,799540,45535980,46335520,46335520
241 0204 00100,PABX,00123 COLLEGE ST,W E 135 COLLEGE STREET LLC,,9375/229,1.12,1099770,5263300,6363070,6363070
244 0333 00100,PABX,00131 GROVE ST,YALE UNIVERSITY,,0/0,0.5,872550,5627300,6499850,6499850
278 0133 02900,PABX,00134 DAVENPORT AV,YALE UNIVERSITY,,0/0,0.11,31780,162120,193900,193900
244 0364 00200,PABX,00135 PROSPECT ST,YALE UNIVERSITY,,0/0,1.72,1084160,9287740,10371900,10371900
261 0231 00200,PABX,00139 YORK ST,YALE UNIVERSITY,,0/0,0.09,501270,530600,1031870,1031870
260 0308 00100,PABX,00140 HIGH ST,YALE UNIVERSITY,,0/0,2.2,1728230,56792890,58521120,58521120
243 0289 01300,PABX,00143 ELM ST,YALE UNIVERSITY,,0/0,0.22,582470,590800,1173270,1173270
243 0289 01400,PABX,00149 ELM ST,YALE UNIVERSITY,,0/0,0.28,608930,975310,1584240,1584240
261 0231 00300,PABX,00149 YORK ST,YALE UNIVERSITY,,0/0,0.6,739060,1672090,2411150,2411150
249 0457 00200,PABX,00150 HIGHLAND ST,YALE UNIVERSITY,,0/0,0.17,128100,352170,480270,480270
257 0354 00100,PABX,00150 MUNSON ST,WE 150 MUNSON LLC,,9156/329,1.75,985950,18984126,19970076,19970076
377 1079 00120,PABX,00150 YALE AV,YALE UNIVERSITY,,0/0,10.4,1495410,59995670,61491080,61491080
280 0230 01005,PABX,00150 YORK ST,YALE UNIVERSITY,,5083/253,0.74,1106840,4714570,5821410,5821410
277 0114 00100,PABX,00156 WASHINGTON AV,BETA 14 LLC,,8404/297,0.04,36540,0,36540,36540
244 0365 00900,PABX,00158 WHITNEY AV,YALE UNIVERSITY,,0/0,0.93,263830,10964590,11228420,11228420
247 0395 01600,PABX,00160 SAINT RONAN ST,YALE UNIVERSITY,,9088/262,0.53,144970,366310,511280,511280
377 1079 00100,PABX,00165 CENTRAL AV,YALE UNIVERSITY,,0/0,12.65,1818880,3489080,5307960,5307960
243 0289 01600,PABX,00165 ELM ST,YALE UNIVERSITY,,9115/158,0.99,851830,36460550,37312380,37312380
245 0363 00100,PABX,00165 PROSPECT ST,YALE UNIVERSITY,,0/0,4.11,2590700,58180360,60771060,60771060
244 0332 00100,PABX,00173 GROVE ST,YALE UNIVERSITY,,0/0,0.59,1156330,14246050,15402380,15402380
277 0114 02400,PABX,00174 WASHINGTON AV,BETA 14 LLC,,8404/303,0.16,49980,0,49980,49980
222 0375 00201,PABX,00175 WHITNEY AV,YALE UNIVERSITY,,0/0,4.4,3268230,114077880,117346110,117346110
277 0114 02200,PABX,00180 WASHINGTON AV,BETA 14 LLC,,8404/326,0.15,49420,0,49420,49420
245 0363 01200,PABX,00180 WHITNEY AV,YALE UNIVERSITY,,0/0,6.19,4597810,51497460,56095270,56095270
257 0354 00300,PABX,00182 WINCHESTER AV,YALE UNIVERSITY,,8362/106,1.38,101640,0,101640,101640
280 0250 02500,PABX,00182 YORK ST,YALE UNIVERSITY,,5150/1,0.42,666400,29390760,30057160,30057160
263 0125 00800,PABX,00184 LIBERTY ST,YALE UNIVERSITY,,3872/107,1.07,2338420,21833140,24171560,24171560
264 0120 00800,PABX,00188 LAFAYETTE ST,YALE UNIVERSITY,,9599/156,0.09,31080,0,31080,31080
260 0288 00103,PABX,00189 ELM ST,YALE UNIVERSITY,,0/0,1.62,1361500,67636030,68997530,68997530
277 0114 02100,PABX,00192 WASHINGTON AV,BETA 14 LLC,,8404/339,0.12,47320,0,47320,47320
280 0250 02400,PABX,00194 YORK ST,YALE UNIVERSITY,,0/0,0.18,216790,0,216790,216790
264 0120 00700,PABX,00196 LAFAYETTE ST,YALE UNIVERSITY,,9599/156,0.05,24640,0,24640,24640
261 0251 00101,PABX,00197 YORK ST,YALE UNIVERSITY,,0/0,2.33,1830360,39045230,40875590,40875590
447 1252 00301,PABX,00200 CONRAD DR,YALE UNIVERSITY,,0/0,203.58,7638330,0,7638330,7638330
261 0252 00301,PABX,00200 ELM ST,YALE UNIVERSITY,,0/0,0.29,612010,8685180,9297190,9297190
246 0362 00102,PABX,00200 PROSPECT ST,YALE UNIVERSITY,,0/0,8.56,2161460,23087190,25248650,25248650
280 0250 02300,PABX,00200 YORK ST,YALE UNIVERSITY,,5212/200,0.11,196840,26833240,27030080,27030080
261 0251 00200,PABX,00201 YORK ST,YALE UNIVERSITY,,0/0,3.48,2733780,61056380,63790160,63790160
280 0250 02210,PABX,00202 YORK ST,YALE UNIVERSITY,,0/0,0.07,186410,465850,652260,652260
280 0250 00300,PABX,00205 PARK ST,YALE UNIVERSITY,,0/0,0.13,134260,1190700,1324960,1324960
280 0250 00301,PABX,00205 PARK ST,YALE UNIVERSITY,,0/0,0,4130,0,4130,4130
264 0120 00500,PABX,00206 LAFAYETTE ST,YALE UNIVERSITY,,8314/77,0.23,34720,0,34720,34720
277 0114 02000,PABX,00208 WASHINGTON AV,BETA 14 LLC,,8404/335,0.12,46830,0,46830,46830
260 0287 00200,PABX,00209 ELM ST,YALE UNIVERSITY,,0/0,1.22,958370,24442250,25400620,25400620
280 0250 01900,PABX,00212 YORK ST,YALE UNIVERSITY,,0/0,0.2,220640,975870,1196510,1196510
280 0250 00400,PABX,00213 PARK ST,YALE UNIVERSITY,,0/0,0.29,170310,2426270,2596580,2596580
261 0252 00300,PABX,00214 ELM ST,YALE UNIVERSITY,,5150/1,1.33,1044820,15787310,16832130,16832130
280 0250 02100,PABX,00215 PARK ST,YALE UNIVERSITY,,0/0,0.21,159880,531720,691600,691600
222 0370 00500,PABX,00215 WHITNEY AV,YALE UNIVERSITY,,5419/6,0.53,671020,34090,705110,705110
277 0114 01900,PABX,00216 WASHINGTON AV,BETA 14 LLC,,8404/332,0.08,44030,0,44030,44030
280 0250 00500,PABX,00217 PARK ST,YALE UNIVERSITY,,0/0,0.13,148890,522620,671510,671510
277 0114 00601,PABX,00220 WASHINGTON AV,BETA 14 LLC,,8405/1,0.03,24500,0,24500,24500
280 0250 01800,PABX,00220 YORK ST,YALE UNIVERSITY,,0/0,0.23,224350,2859010,3083360,3083360
222 0370 00600,PABX,00221 WHITNEY AV,YALE UNIVERSITY,,5419/6,1,810810,6914950,7725760,7725760
245 0363 00201,PABX,00223 PROSPECT ST,YALE UNIVERSITY,,0/0,2.96,1865780,75367110,77232890,77232890
277 0114 01800,PABX,00224 WASHINGTON AV,BETA 14 LLC,,8404/343,0.09,44940,0,44940,44940
280 0250 01600,PABX,00224 YORK ST,YALE UNIVERSITY,,0/0,0.57,363930,4422810,4786740,4786740
280 0250 00600,PABX,00225 PARK ST,YALE UNIVERSITY,,0/0,2.65,2081730,0,2081730,2081730
277 0123 00700,PABX,00225 WASHINGTON AV,YALE UNIVERSITY,,456/296,1.29,291060,82390,373450,373450
247 0394 00700,PABX,00227 MANSFIELD ST,YALE UNIVERSITY,,0/0,1.3,160930,67830,228760,228760
277 0114 01700,PABX,00230 WASHINGTON AV,BETA 14 LLC,,8404/329,0.09,45290,0,45290,45290
280 0250 01500,PABX,00232 YORK ST,YALE UNIVERSITY,,0/0,0.23,281120,2310210,2591330,2591330
243 0311 00401,PABX,00236 CHURCH ST,YALE UNIVERSITY,,2820/31,0.18,568680,4233320,4802000,4802000
277 0114 01600,PABX,00236 WASHINGTON AV,BETA 14 LLC,,8404/323,0.11,46130,0,46130,46130
280 0250 00604,PABX,00240 YORK ST,YALE UNIVERSITY,,0/0,0.89,827680,100978150,101805830,101805830
245 0363 00300,PABX,00243 PROSPECT ST,YALE UNIVERSITY,,0/0,4.22,1662500,120763790,122426290,122426290
243 0311 00300,PABX,00246 CHURCH ST,YALE UNIVERSITY,,3599/41,0.2,576870,2103430,2680300,2680300
277 0114 01500,PABX,00246 WASHINGTON AV,ALPHA 9 LLC,,8404/291,0.08,44170,0,44170,44170
280 0271 01700,PABX,00248 PARK ST,YALE UNIVERSITY,,6145/276,0.46,378910,2915990,3294900,3294900
243 0311 00201,PABX,00250 CHURCH ST,YALE UNIVERSITY,,0/0,0.31,421540,745430,1166970,1166970
245 0363 01100,PABX,00256 WHITNEY AV,YALE UNIVERSITY,,0/0,7.58,5630310,21071960,26702270,26702270
280 0250 00603,PABX,00256 YORK ST,YALE UNIVERSITY,,0/0,0.1,196910,220220,417130,417130
277 0114 01400,PABX,00258 WASHINGTON AV,BETA 14 LLC,,8405/5,0.21,51590,0,51590,51590
247 0394 00800,PABX,00265 MANSFIELD ST,YALE UNIVERSITY,,0/0,1.3,108920,329630,438550,438550
277 0114 00200,PABX,00266 CEDAR ST,BETA 14 LLC,,8404/300,0.02,18340,0,18340,18340
263 0126 00201,PABX,00270 CONGRESS AV,YALE UNIVERSITY,,7879/317,0.32,235340,192640,427980,427980
262 0220 00300,PABX,00270 CROWN ST,YALE UNIVERSITY,,0/0,0.19,285530,983360,1268890,1268890
277 0114 01300,PABX,00270 WASHINGTON AV,BETA 14 LLC,,8404/307,0.15,49210,0,49210,49210
280 0250 01001,PABX,00272 ELM ST,YALE UNIV CONTROLLER,,3669/0,0.24,295540,2797900,3093440,3093440
246 0362 04000,PABX,00276 PROSPECT ST,YALE UNIVERSITY,,0/0,1.23,387660,1152550,1540210,1540210
285 0392 00200,PABX,00276 WINCHESTER AV,FENIX I LLC,,8793/227,3.11,155750,18820200,18975950,18975950
245 0363 00400,PABX,00285 PROSPECT ST,YALE UNIVERSITY,,0/0,0.69,592690,36273860,36866550,36866550
243 0289 01200,PABX,00294 TEMPLE ST,YALE UNIVERSITY,,0/0,0.08,492730,1077160,1569890,1569890
261 0231 02100,PABX,00295 CROWN ST,YALE UNIVERSITY,,0/0,0.16,278390,358890,637280,637280
247 0394 00900,PABX,00295 MANSFIELD ST,YALE UNIVERSITY,,0/0,1.65,455000,2096500,2551500,2551500
280 0250 00902,PABX,00296 ELM ST,YALE UNIVERSITY,,0/0,0.14,160860,283710,444570,444570
251 0509 00300,PABX,00300 EAST ROCK RD,ALBERTUS MAGNUS COLLEGE,,0/0,1.4,220430,844480,1064910,1064910
261 0231 02200,PABX,00301 CROWN ST,YALE UNIVERSITY,,0/0,0.15,275800,372820,648620,648620
245 0363 00500,PABX,00301 PROSPECT ST,YALE UNIVERSITY,,0/0,1.36,267890,980770,1248660,1248660
243 0289 01100,PABX,00302 TEMPLE ST,YALE UNIVERSITY,,0/0,0.15,552580,921970,1474550,1474550
260 0307 00400,PABX,00302 YORK ST,YALE UNIVERSITY,,0/0,0.05,236040,0,236040,236040
280 0250 00901,PABX,00304 ELM ST,YALE UNIVERSITY,,0/0,0.09,88270,0,88270,88270
261 0231 02300,PABX,00307 CROWN ST,YALE UNIVERSITY,,0/0,0.28,304010,1288140,1592150,1592150
221 0396 01000,PABX,00309 EDWARDS ST,YALE UNIVERSITY,,0/0,0.59,139160,1125180,1264340,1264340
280 0250 00801,PABX,00310 ELM ST,YALE UNIVERSITY,,3669/0,0.07,241780,4238710,4480490,4480490
246 0362 03700,PABX,00310 PROSPECT ST,YALE UNIVERSITY,,4249/91,0.59,292460,550550,843010,843010
243 0289 01000,PABX,00310 TEMPLE ST,YALE UNIVERSITY,,0/0,0.45,678440,27930,706370,706370
261 0231 00100,PABX,00313 CROWN ST,YALE UNIVERSITY,,0/0,0.1,253610,624470,878080,878080
246 0362 03600,PABX,00314 PROSPECT ST,YALE UNIVERSITY,,4249/91,0.81,303800,376530,680330,680330
245 0363 00900,PABX,00320 EDWARDS ST,YALE UNIVERSITY,,5150/8,2.24,1411970,5933690,7345660,7345660
243 0289 00900,PABX,00320 TEMPLE ST,YALE UNIVERSITY,,0/0,0.28,608090,362110,970200,970200
260 0307 00200,PABX,00320 YORK ST,YALE UNIVERSITY,,0/0,1.67,1311870,30128910,31440780,31440780
280 0230 02300,PABX,00321 CROWN ST,YALE UNIVERSITY,,7138/19,0.14,322910,17570,340480,340480
243 0289 00800,PABX,00328 TEMPLE ST,YALE UNIVERSITY,,0/0,0.22,584500,283150,867650,867650
261 0252 00400,PABX,00330 COLLEGE ST,YALE UNIVERSITY,,5150/1,2.88,2262470,33776050,36038520,36038520
263 0136 00100,PABX,00333 CEDAR ST,YALE UNIVERSITY,,0/0,5.51,4328450,156402890,160731340,160731340
280 0230 02400,PABX,00333 CROWN ST,YALE UNIVERSITY,,7138/19,0.13,173670,14210,187880,187880
247 0395 01700,PABX,00335 PROSPECT ST,YALE UNIVERSITY,,0/0,3.76,1999760,15190,2014950,2014950
247 0395 00100,PABX,00339 PROSPECT ST,YALE UNIVERSITY,,2440/195,7.17,1304380,18336850,19641230,19641230
245 0363 00800,PABX,00340 EDWARDS ST,YALE UNIVERSITY,,0/0,0.51,144550,534660,679210,679210
280 0230 02601,PABX,00341 CROWN ST,YALE UNIVERSITY,,5922/293,0.32,175420,267540,442960,442960
247 0395 01802,PABX,00341 SAINT RONAN ST,YALE UNIVERSITY,,0/0,0.11,18340,0,18340,18340
248 0395 00203,PABX,00341 SAINT RONAN ST,YALE UNIVERSITY,,0/0,5.76,2722860,0,2722860,2722860
285 0392 00100,PABX,00344 WINCHESTER AV,RENAISSANCE I LLC,,9156/337,15.25,1123150,13226640,14349790,14349790
243 0311 00100,PABX,00347 TEMPLE ST,YALE UNIVERSITY,,0/0,1.66,1304030,48718740,50022770,50022770
262 0203 00102,PABX,00350 GEORGE ST,YALE UNIVERSITY,,9350/184,1.59,449050,9302510,9751560,9751560
248 0395 00201,PABX,00352 CANNER ST,YALE UNIVERSITY,,0/0,2.2,693350,2762130,3455480,3455480
280 0230 02800,PABX,00353 CROWN ST,YALE UNIVERSITY,,5330/34,0.35,319200,3568600,3887800,3887800
247 0394 00600,PABX,00360 PROSPECT ST,YALE UNIVERSITY,,0/0,4.67,1103900,4115440,5219340,5219340
219 0459 00100,PABX,00363 SAINT RONAN ST,BERKELEY DIVINITY SCHOOL,,0/0,0.71,148820,1019060,1167880,1167880
279 0136 00100,PABX,00367 CEDAR ST,YALE UNIVERSITY(HARKNESS HALL),,0/0,1.49,1170470,12719560,13890030,13890030
277 0124 01600,PABX,00370 CONGRESS AV,YALE UNIVERSITY,,5595/166,2.22,1743980,136800860,138544840,138544840
249 0457 00400,PABX,00375 CANNER ST,YALE UNIVERSITY,,0/0,1.08,212730,927640,1140370,1140370
263 0135 00200,PABX,00375 CONGRESS AV,YALE UNIVERSITY,,0/0,1.91,4873750,43441370,48315120,48315120
247 0394 00500,PABX,00386 PROSPECT ST,YALE UNIVERSITY,,0/0,1.7,401870,1948030,2349900,2349900
259 0330 01000,PABX,00400 YORK ST,YALE UNIVERSITY,,5025/324,1.19,934850,30961770,31896620,31896620
223 0334 00700,PABX,00405 TEMPLE ST,YALE UNIVERSITY,,0/0,0.05,235970,264880,500850,500850
247 0394 00300,PABX,00406 PROSPECT ST,YALE UNIVERSITY,,7240/187,0.86,306460,783790,1090250,1090250
223 0334 01201,PABX,00419 TEMPLE ST,YALE UNIVERSITY,,3408/20,0.18,283850,11340,295190,295190
244 0333 01000,PABX,00420 TEMPLE ST,YALE UNIVERSITY,,0/0,0.73,1961960,4973360,6935320,6935320
248 0395 00204,PABX,00423 PROSPECT ST,YALE UNIVERSITY,,0/0,5.51,2387770,29727950,32115720,32115720
244 0333 00900,PABX,00432 TEMPLE ST,YALE UNIVERSITY,,0/0,0.1,257110,578200,835310,835310
223 0334 01501,PABX,00433 TEMPLE ST,YALE UNIVERSITY,,0/0,0.2,218540,1398810,1617350,1617350
244 0333 00800,PABX,00442 TEMPLE ST,YALE UNIVERSITY,,0/0,0.18,282590,203210,485800,485800
243 0289 02000,PABX,00451 COLLEGE ST,YALE UNIVERSITY,,0/0,0.46,684530,3406410,4090940,4090940
278 0134 00400,PABX,00457 CONGRESS AV,YALE UNIVERSITY,,0/0,0.08,30800,0,30800,30800
248 0395 00205,PABX,00459 PROSPECT ST,YALE UNIVERSITY,,0/0,0.17,191870,502600,694470,694470
243 0289 00100,PABX,00469 COLLEGE ST,YALE UNIVERSITY,,0/0,0.18,567140,7244930,7812070,7812070
260 0288 00102,PABX,00470 COLLEGE ST,YALE UNIVERSITY(SPRAGUE MEMOR),,0/0,1.13,887670,17781190,18668860,18668860
243 0310 00300,PABX,00493 COLLEGE ST,YALE UNIVERSITY,,0/0,0.14,545720,5474770,6020490,6020490
243 0310 00112,PABX,00497 COLLEGE ST,YALE UNIVERSITY,,9091/251,0.44,841820,5217660,6059480,6059480
260 0309 00200,PABX,00500 COLLEGE ST,YALE UNIVERSITY-(WOOLSEY HALL),,0/0,1.66,1304030,18635470,19939500,19939500
243 0310 00100,PABX,00509 COLLEGE ST,YALE UNIVERSITY,,0/0,2.7,2121000,39651500,41772500,41772500
249 0457 00500,PABX,00511 PROSPECT ST,YALE UNIVERSITY,,0/0,0.94,272720,1253140,1525860,1525860
249 0457 00600,PABX,00533 PROSPECT ST,YALE UNIVERSITY,,0/0,1.39,219030,939190,1158220,1158220
277 0114 01000,PABX,00655 HOWARD AV,BETA 14 LLC,,8404/316,0.16,49980,0,49980,49980
277 0114 01100,PABX,00659 HOWARD AV,BETA 14 LLC,,8404/313,0.09,45080,0,45080,45080
277 0114 01200,PABX,00663 HOWARD AV,BETA 14 LLC,,8404/310,0.09,45010,0,45010,45010
252 0508 00100,PABX,00700 PROSPECT ST,ALBERTUS MAGNUS COLLEGE,,0/0,28.3,2939510,22423520,25363030,25363030
450 1223 00200,PABX,00746 FOUNTAIN ST,YALE UNIVERSITY,,5567/338,13.52,325640,0,325640,325640
278 0134 00300,PABX,00760 HOWARD AV,YALE UNIVERSITY,,0/0,0.59,34440,0,34440,34440
251 1068 00200,PABX,00765 PROSPECT ST,ALBERTUS MAGNUS COLLEGE,,0/0,0.81,151900,704970,856870,856870
278 0134 00200,PABX,00780 HOWARD AV,YALE UNIVERSITY,,0/0,1.15,781270,4991420,5772690,5772690
278 0134 00100,PABX,00800 HOWARD AV,YALE UNIVERSITY,,0/0,0.85,1901130,12407150,14308280,14308280
252 0508 00200,PABX,00810 PROSPECT ST,ALBERTUS MAGNUS COLLEGE,,2394/345,1.39,138040,510580,648620,648620
261 0252 00100,PABX,01021 CHAPEL ST,YALE UNIVERSITY,,5150/1,1.57,1233330,16406740,17640070,17640070
261 0251 00100,PABX,01073 CHAPEL ST,YALE UNIVERSITY,,0/0,0.9,829570,31335850,32165420,32165420
261 0231 00402,PABX,01074 CHAPEL ST,YALE UNIVERSITY(MELLON ART GA),,0/0,0,0,10784060,10784060,10784060
261 0231 00800,PABX,01120 CHAPEL ST,YALE UNIVERSITY,,5150/1,0.28,611170,2454970,3066140,3066140
280 0230 01000,PABX,01156 CHAPEL ST,YALE UNIVERSITY,,5083/253,0.76,796390,11852820,12649210,12649210
280 0249 02601,PABX,01201 CHAPEL ST,YALE UNIVERSITY,,4298/76,0.34,49490,839300,888790,888790
278 0149 01201,PBBX,00000 HOWARD AV,YALE-NEW HAVEN HOSPITAL INC,,8880/10,0.02,1050,0,1050,1050
298 0161 02000,PBBX,00000 HOWARD AV,YALE-NEW HAVEN HOSPITAL INC -MCS-2,,8324/304,0.08,27790,0,27790,27790
279 0150 00100,PBBX,00001 PARK ST,YALE NEW HAVEN HOSPITAL INC -MCS-2,,4318/39,0.62,10974250,108026590,119000840,119000840
279 0162 00200,PBBX,00008 PARK ST,YALE NEW HAVEN HOSPITAL INC.-MCS-2,,4620/18,0.05,49700,0,49700,49700
279 0150 00200,PBBX,00010 YORK ST,YALE NEW HAVEN HOSPITAL INC,,0/0,2.49,17543470,135240910,152784380,152784380
279 0163 00200,PBBX,00017 PARK ST,YALE NEW HAVEN HOSPITAL INC -MCS-2,,0/0,1.39,2237480,463644510,465881990,465881990
315 1290 00900,PBBX,00020 GILBERT AV,YALE-NEW HAVEN HOSPITAL INC,,8881/335,0.07,30730,0,30730,30730
298 0161 02700,PBBX,00021 SYLVAN AV,YALE-NEW HAVEN HOSPITAL INC -MCS-2,,8324/304,0.34,36330,0,36330,36330
298 0161 02900,PBBX,00027 SYLVAN AV,YALE-NEW HAVEN HOSPITAL INC -MCS-2,,8324/304,0.09,31150,0,31150,31150
298 0161 03000,PBBX,00029 SYLVAN AV,YALE-NEW HAVEN HOSPITAL INC -MCS-2,,8324/304,0.01,770,0,770,770
279 0163 00201,PBBX,00030 YORK ST,CONN HEALTH  EDUCATIONAL    *,,0/0,2.21,9463300,91861350,101324650,101324650
278 0149 01900,PBBX,00031 VERNON ST,YALE-NEW HAVEN HOSPITAL INC,,8880/10,0.17,33600,0,33600,33600
298 0161 01200,PBBX,00034 LEGION AV,YALE-NEW HAVEN HOSPITAL INC -MCS-2,,8324/304,0.16,83020,0,83020,83020
298 0161 01100,PBBX,00046 LEGION AV,YALE-NEW HAVEN  HOSPITAL INC - MCS-2,,8324/304,0.16,66570,0,66570,66570
298 0161 01000,PBBX,00060 LEGION AV,YALE-NEW HAVEN HOSPITAL INC -MCS-2,,8324/304,0.3,57400,0,57400,57400
278 0149 01400,PBBX,00103 DAVENPORT AV,YALE NEW HAVEN HOSPITAL INC -MCS-2,,5442/153,0.1,68250,3150,71400,71400
278 0149 01500,PBBX,00109 DAVENPORT AV,YALE NEW HAVEN HOSPITAL INC -MCS-2,,5442/153,0.1,68600,210,68810,68810
278 0149 01600,PBBX,00111 DAVENPORT AV,YALE NEW HAVEN HOSPITAL INC -MCS-2,,5442/153,0.11,31920,0,31920,31920
317 0197 00100,PBBX,00111 SHERMAN AV,YALE-NEW HAVEN HOSPITAL INC,,8881/335,0.12,43750,0,43750,43750
278 0134 02300,PBBX,00112 DAVENPORT AV,YALE NEW HAVEN HOSPITAL INC -MCS-2,,0/0,0.27,123760,484960,608720,608720
278 0134 02200,PBBX,00116 DAVENPORT AV,YALE-NEW HAVEN HOSPITAL INC -MCS-2,,5559/218,0.18,33740,4340,38080,38080
315 1288 02001,PBBX,00200 ORCHARD ST 101,YALE-NEW HAVEN HOSPITAL INC,,8881/342,0,0,53060,53060,53060
315 1288 02003,PBBX,00200 ORCHARD ST 103,YALE-NEW HAVEN HOSPITAL INC,,8881/342,0,0,38780,38780,38780
315 1288 02004,PBBX,00200 ORCHARD ST 104,YALE-NEW HAVEN HOSPITAL INC,,8881/342,0,0,53410,53410,53410
315 1288 02005,PBBX,00200 ORCHARD ST 105,YALE-NEW HAVEN HOSPITAL INC,,8881/342,0,0,54040,54040,54040
315 1288 02006,PBBX,00200 ORCHARD ST 106,YALE-NEW HAVEN HOSPITAL INC,,8881/342,0,0,51940,51940,51940
315 1288 02007,PBBX,00200 ORCHARD ST 107,YALE-NEW HAVEN HOSPITAL INC,,8881/342,0,0,87360,87360,87360
315 1288 02010,PBBX,00200 ORCHARD ST 201,YALE-NEW HAVEN HOSPITAL INC,,8881/342,0,0,58730,58730,58730
315 1288 02011,PBBX,00200 ORCHARD ST 202,YALE-NEW HAVEN HOSPITAL INC,,8881/342,0,0,53690,53690,53690
315 1288 02012,PBBX,00200 ORCHARD ST 203,YALE-NEW HAVEN HOSPITAL INC,,8881/342,0,0,54390,54390,54390
315 1288 02013,PBBX,00200 ORCHARD ST 204,YALE-NEW HAVEN HOSPITAL INC,,8881/342,0,0,54390,54390,54390
315 1288 02014,PBBX,00200 ORCHARD ST 205,YALE-NEW HAVEN HOSPITAL INC,,8881/342,0,0,58730,58730,58730
315 1288 02015,PBBX,00200 ORCHARD ST 206,YALE-NEW HAVEN HOSPITAL INC,,8881/342,0,0,55580,55580,55580
315 1288 02016,PBBX,00200 ORCHARD ST 207,YALE-NEW HAVEN HOSPITAL INC,,8881/342,0,0,99820,99820,99820
315 1288 02021,PBBX,00200 ORCHARD ST 303,YALE-NEW HAVEN HOSPITAL INC,,8881/342,0,0,54390,54390,54390
315 1288 02022,PBBX,00200 ORCHARD ST 304,YALE-NEW HAVEN HOSPITAL INC,,8881/342,0,0,38360,38360,38360
315 1288 02024,PBBX,00200 ORCHARD ST 306,YALE-NEW HAVEN HOSPITAL INC,,8881/342,0,0,57190,57190,57190
315 1288 02028,PBBX,00200 ORCHARD ST 310,YALE-NEW HAVEN HOSPITAL INC,,8881/342,0,0,59500,59500,59500
315 1288 02029,PBBX,00200 ORCHARD ST 401,YALE-NEW HAVEN HOSPITAL INC,,8881/342,0,0,91770,91770,91770
315 1288 02031,PBBX,00200 ORCHARD ST 403,YALE-NEW HAVEN HOSPITAL INC,,8881/342,0,0,65730,65730,65730
315 1288 02032,PBBX,00200 ORCHARD ST 404,YALE-NEW HAVEN HOSPITAL INC,,8881/342,0,0,89180,89180,89180
315 1288 02033,PBBX,00200 ORCHARD ST 405,YALE-NEW HAVEN HOSPITAL INC,,8881/342,0,0,91000,91000,91000
315 1288 02034,PBBX,00200 ORCHARD ST 406,YALE-NEW HAVEN HOSPITAL INC,,8881/342,0,0,86800,86800,86800
315 1288 02035,PBBX,00200 ORCHARD ST 407,YALE-NEW HAVEN HOSPITAL INC,,8881/342,0,0,59430,59430,59430
315 1288 02036,PBBX,00200 ORCHARD ST 408,YALE-NEW HAVEN HOSPITAL INC,,8881/342,0,0,91770,91770,91770
315 1290 00800,PBBX,00233 ORCHARD ST,YALE-NEW HAVEN HOSPITAL INC,,8881/335,0.01,490,0,490,490
315 1293 00100,PBBX,00285 ORCHARD ST,YALE-NEW HAVEN HOSPITAL INC,,8881/311,0.14,51310,8610,59920,59920
315 1293 00200,PBBX,00289 ORCHARD ST,YALE-NEW HAVEN HOSPITAL INC,,8881/311,0.14,51380,9800,61180,61180
315 1293 00400,PBBX,00301 ORCHARD ST,YALE-NEW HAVEN HOSPITAL INC,,8881/311,0.2,53970,11480,65450,65450
279 0163 00100,PBBX,00318 OAK ST,YALE NEW HAVEN HOSPITAL INC -MCS-2,,3069/12,0.06,43820,3570,47390,47390
315 1293 00402,PBBX,00323 ORCHARD ST,YALE-NEW HAVEN HOSPITAL INC,,8881/311,1,1620010,3784830,5404840,5404840
317 0213 00102,PBBX,00330 ORCHARD ST,YALE-NEW HAVEN HOSPITAL INC,,8881/296,1.38,1778560,20460790,22239350,22239350
279 0217 01700,PBBX,00425 GEORGE ST,YALE NEW HAVEN HOSPITAL INC -MCS-2,,4906/66,0.79,215530,972650,1188180,1188180
297 0215 01600,PBBX,00501 GEORGE ST,YALE-NEW HAVEN HOSPITAL INC,,9627/218,0.34,59640,1090670,1150310,1150310
315 1293 03200,PBBX,00579 GEORGE ST,YALE-NEW HAVEN HOSPITAL INC,,8881/311,0.21,34230,13230,47460,47460
315 1293 03300,PBBX,00583 GEORGE ST,YALE-NEW HAVEN HOSPITAL INC,,8881/311,0.09,31360,5950,37310,37310
315 1289 01200,PBBX,00600 GEORGE ST,YALE-NEW HAVEN HOSPITAL INC,,8881/335,0.16,31710,700,32410,32410
317 0213 00200,PBBX,00629 GEORGE ST,YALE-NEW HAVEN HOSPITAL INC,,8881/296,1.18,1390480,280,1390760,1390760
317 0213 00201,PBBX,00629 GEORGE ST,YALE-NEW HAVEN HOSPITAL INC,,8881/296,0,0,6250580,6250580,6250580
317 0197 00700,PBBX,00646 GEORGE ST,YALE-NEW HAVEN HOSPITAL INC,,8881/335,0.13,50540,169610,220150,220150
263 0135 00100,PBBX,00789 HOWARD AV,YALE NEW HAVEN HOSPITAL -MCS-2,,3302/306,5.54,14967960,131622750,146590710,146590710
278 0149 01200,PBBX,00836 HOWARD AV,YALE-NEW HAVEN HOSPITAL INC,,8880/10,0.11,95410,177520,272930,272930
278 0149 01100,PBBX,00840 HOWARD AV,YALE-NEW HAVEN HOSPITAL INC,,8880/10,0.13,98560,253400,351960,351960
278 0149 01000,PBBX,00842 HOWARD AV,YALE-NEW HAVEN HOSPITAL INC,,8880/10,0.11,94430,120540,214970,214970
278 0149 00600,PBBX,00860 HOWARD AV,RONALD MCDONALD HOUSE CHARITIES OF CONN,,9391/148,0.62,136710,5967640,6104350,6104350
278 0149 00200,PBBX,00878 HOWARD AV,YALE NEW HAVEN HOSPITAL INC -MCS-2,,7842/215,0.4,121030,757260,878290,878290
298 0161 02100,PBBX,00912 HOWARD AV,YALE-NEW HAVEN HOSPITAL INC,,9081/4,0.86,3177860,0,3177860,3177860
298 0161 01800,PBBX,00914 HOWARD AV,YALE-NEW HAVEN HOSPITAL INC,,9081/4,0.14,29540,8960,38500,38500
298 0161 02001,PBBX,00914 HOWARD AV,YALE-NEW HAVEN HOSPITAL INC,,8324/304,0.15,59430,0,59430,59430
315 1293 01600,PBBX,01342 CHAPEL ST,YALE-NEW HAVEN HOSPITAL INC,,8881/311,0.29,57680,14350,72030,72030
315 1293 00900,PBBX,01380 CHAPEL ST,YALE-NEW HAVEN HOSPITAL INC,,8881/311,0.11,48370,242130,290500,290500
316 0243 02500,PBBX,01389 CHAPEL ST,YALE-NEW HAVEN HOSPITAL INC,,8881/335,0.17,52640,322560,375200,375200
318 0242 02800,PBBX,01441 CHAPEL ST,YALE-NEW HAVEN HOSPITAL INC,,8881/335,0.27,56630,345170,401800,401800
317 0213 00100,PBBX,01450 CHAPEL ST,YALE-NEW HAVEN HOSPITAL INC,,8881/296,8.11,14931910,262468290,277400200,277400200